安检	检查人员和物品是否符合安全要求。
岸上	江河、湖泊或海洋边的陆地上。
半决赛	决定哪些选手或队伍进入决赛的比赛。
半年	六个月的时间。
北京	中华人民共和国的首都。
背着	把东西放在背上带着；也可以读 bèizhe，表示不让某人知道。
本期	当前这一期。
比如说	用来引出一个例子。
笔记本	用来记录事情的本子；也指便携式电脑。
必将	表示将来一定会发生。
变为	改变成另一种事物或状态。
便于	使做某件事更容易、更方便。
别的	另外的；不是刚才提到的。
拨打	输入电话号码来打电话。
博客	在网上发布文章的个人网页或服务。
不仅仅	表示范围或程度不只限于所说的部分。
不太	表示程度比较低或没有达到很高的程度。
不怎么	表示某种情况很少发生，或程度不高。
查出	通过检查或调查发现。
常用	经常使用的。
场馆	供比赛、展览或其他活动使用的场地和建筑。
超市	顾客自己挑选商品、集中付款的商店。
潮湿	含有较多水分，比较湿。
炒股	通过买卖股票争取获得收益。
车上	车辆的内部或上面。
车展	展示汽车及相关产品的展览。
称为	给某人或某事物一个名称。
城里	城市的内部；城市中。
持有	拥有并保留某物。
尺子	用来测量长度或画直线的工具。
充电器	为电池补充电能的设备。
抽烟	把烟点燃后吸入烟气。
出于	表示行为、想法等产生的原因或来源。
出租车	按路程或时间收费、供乘客租乘的汽车。
除了	表示排除某个部分；也可以表示在某个部分之外还有别的。
处于	在某种位置、环境或状态中。
处在	位于某个地方，或在某种情况之中。
穿上	把衣服、鞋等穿到身上。
传出	消息、声音等从里面或某个地方传播出来。
传来	声音、消息等从别处到这里。
纯净水	经过处理、去除大部分杂质的水。
此处	这个地方。
此次	这一次。
此前	在这以前。
此事	这件事情。
此致	书信结尾常用的敬语，表示把下文的问候或敬意送给对方。
从不	表示过去到现在一次也没有。
从没	表示过去没有发生过某事。
从中	从所说的事物或过程中。
打车	叫出租车或网约车出行。
大奖赛	设有重要奖项的比赛。
大赛	规模较大或比较重要的比赛。
大于	数量、程度等超过另一个数值。
带有	附有；具有某种特点。
待会儿	过一小段时间以后。
地名	一个地方的名称。
地铁站	地铁列车停靠、乘客上下车的地方。
的话	放在词语或句子后面，表示假设或条件。
得出	通过思考、计算等获得结果或结论。
低于	在位置、数量或水平上比另一个低。
递给	把东西送到别人手边，让对方接住。
电池	能储存或通过化学反应提供电能的装置。
电子版	以数字形式保存、可以在电子设备上阅读的版本。
调研	调查实际情况并进行研究。
豆制品	用豆类加工制成的食品。
堵车	车辆太多或道路受阻，不能正常通行。
短信	通过手机发送的简短文字信息。
对外	面向本单位、本地区或本国之外。
多次	不止一次；好几次。
多方面	许多不同的方面。
多样	有多种不同的样式或种类。
多种	不止一种；许多种。
而是	用来提出与前面被否定内容不同的正确情况。
二维码	用黑白图形记录信息、可以通过扫描读取的编码。
放到	把东西放在某个位置。
分成	把整体分为几个部分；也指按比例分配收益。
分之	表示分数，前面是分母，后面是分子。
峰会	国家或组织最高领导人参加的重要会议。
父女	父亲和女儿。
感到	心里或身体上产生某种感觉。
感兴趣	觉得某事有意思，愿意了解或参与。
干活儿	做工作或进行劳动。
高层	建筑物较高的楼层；也指组织中职位较高的领导层。
高于	在位置、数量或水平上比另一个高。
搞好	把事情做好，使情况变好。
各地	各个地方。
更是	表示在原有程度或情况之外进一步强调。
工商	工业和商业。
公鸡	雄性的鸡。
公交车	按照固定线路运送乘客的公共汽车。
关上	使门窗等不再开着；也可表示关闭设备。
光盘	利用激光读写信息的圆形存储盘。
盒饭	装在饭盒里出售或供应的饭菜。
很难说	难以判断或确定。
红酒	通常指用葡萄酿成的红葡萄酒。
胡同儿	城镇中较窄的街道或巷子。
互联网	连接世界各地计算机网络的全球网络。
华语	华人使用的汉语，通常指普通话。
画儿	用线条、颜色等表现形象的作品。
缓解	使紧张、困难或不舒服的程度减轻。
回到	返回原来的地方或状态。
机动车	由发动机等动力装置驱动的车辆。
极了	放在形容词等后面，表示程度非常高。
加上	把另一部分加入；也用来补充说明原因或条件。
建成	完成建筑或建设。
交费	支付规定的费用。
叫作	名称是；被称为。
教学楼	学校里主要用于上课的建筑。
接到	收到别人送来或传来的东西、通知等。
接下来	在这之后。
节假日	法定节日和休息日。
尽可能	在条件允许的范围内尽力做到。
就是说	用来进一步解释前面的话。
局长	一个局的主要负责人。
决不	表示态度坚决，一定不做或不发生。
看到	通过眼睛发现或看见；也可表示认识到某种情况。
看得见	能够用眼睛看清或发现。
看上去	根据外表观察所得到的印象。
看作	认为某人或某事物是某种性质。
快点儿	催促别人加快速度。
来自	来源于某地、某人或某种事物。
列为	列入某个类别或名单。
铃声	铃或类似装置发出的声音。
另一方面	与已经提到的方面不同的另一个方面。
流感	流行性感冒，一种由流感病毒引起的传染病。
楼道	楼房里供人通行的走道。
录像	把活动影像和声音记录下来；也指记录的影像。
路边	道路的旁边。
没法儿	没有办法。
没事儿	没有事情；没有问题；也用于回答别人的道歉。
秘书长	负责一个组织日常事务的主要负责人。
面条儿	用面粉制成的细长条状食品。
名牌儿	知名的品牌；也可指写着姓名的牌子。
母鸡	雌性的鸡。
拿出	从里面把东西取到外面；也指提供时间、办法等。
拿到	取得某物。
拿走	把东西取走、带到别处。
那边	距离说话人较远的某个地方或方向。
那时候	所说的那个时间。
奶牛	主要为了产奶而饲养的牛。
男孩儿	年纪较小的男性儿童或少年。
能不能	询问是否有能力、条件或许可做某事。
年前	某一年之前；也常指春节之前。
女朋友	与自己恋爱的女性；有时也指女性朋友。
派出	安排某人到某地执行任务。
培训班	为了教授某种知识或技能而组织的课程班级。
平方米	面积单位，相当于边长一米的正方形的面积。
期末	一个时期的末尾，常指学期结束前。
期中	一个时期的中间，常指学期中间。
起到	产生某种作用或效果。
清洁工	以打扫和保持环境清洁为工作的人。
请进	礼貌地邀请别人进入。
请坐	礼貌地邀请别人坐下。
球星	在球类运动中很有名的运动员。
取款机	可以自动办理取款等业务的银行设备。
去掉	除去不需要的部分。
全场	整个场地；也可指所有在场的人或整场比赛。
全都	全部，没有例外。
认出	通过观察确认某人或某物的身份。
融入	逐渐结合到一个群体或环境中。
商城	集中许多商店的购物场所，也可指网上购物平台。
上个月	当前月份之前的一个月。
上周	当前这一周之前的一周。
摄像	用设备记录连续的活动影像。
身份证	证明个人身份的正式证件。
深处	离表面或入口很远的内部地方。
什么样	询问性质、样子或类别。
神秘	不容易了解或解释，让人觉得难以猜测。
实际上	从真实情况来看。
世界杯	各国家或地区代表队参加的世界性杯赛。
事实上	根据真实发生的情况。
视为	把某人或某事物当作。
收到	接收到了别人送来或传来的东西。
手机	可以随身携带并通过无线网络通信的电话。
手里	手中；也指自己控制或掌握的范围。
受到	接受或承受某种影响、待遇或作用。
鼠标	用来控制电脑屏幕指针的输入设备。
薯片	把马铃薯切成薄片后炸制或烤制的食品。
水产品	水中出产的鱼、虾、贝类等产品。
说实话	说明接下来说的是真实想法。
送到	把人或物带到指定地点。
送给	把东西赠给别人。
塑料袋	用塑料制成的袋子。
随着	表示跟随某种变化，或与某事同时发展。
台上	舞台、讲台等的上面。
桃树	开桃花、结桃子的树。
特快	速度特别快；也指某类快速列车或邮递服务。
提到	说话或写作时涉及某人、某事。
听到	通过耳朵接收到声音或消息。
停下	停止正在进行的动作。
挺好	相当好。
网吧	提供电脑和网络、按时间收费的公共营业场所。
网上	互联网上。
微博	发布短文字、图片等内容的网络服务或其中的帖子。
微信	一种用于聊天、分享信息和支付等活动的应用程序。
为主	以某个部分作为主要内容。
污染	有害物质进入环境，使环境变得不清洁或不安全。
吸烟	把点燃的烟草产生的烟气吸入口中。
下个月	当前月份之后的一个月。
下载	把远程系统上的文件或数据保存到自己的设备。
下周	当前这一周之后的一周。
现有	目前已经有的。
想到	在脑中出现某个想法，或考虑到某人、某事。
想起	重新记起以前知道的人或事。
小孩儿	年纪小的儿童。
小声	声音不大。
小偷儿	偷别人东西的人。
小于	数量或程度比另一个数值低。
笑声	笑时发出的声音。
修车	修理车辆。
亚运会	亚洲运动会，亚洲各国家和地区参加的综合体育比赛。
沿着	顺着某条路线或某物的边缘。
演唱会	以歌手演唱为主要内容的音乐演出。
药店	出售药品的商店。
一般来说	根据通常的情况来判断。
一次性	只使用或进行一次；也可指一次全部完成。
一句话	一个句子或简短的话；也可用来引出简要总结。
一路上	整个行程中。
一下儿	表示短暂的动作、较小的程度或尝试。
银行卡	银行发给客户、用于存取款或支付等业务的卡片。
迎来	等待的人、事物或时期到来了。
硬件	计算机等系统中可以看见和接触的设备部分。
用得着	有使用的需要或机会。
用于	用来做某事。
游戏机	主要用于运行电子游戏的设备。
有毒	含有可能伤害生物的毒性物质。
有劲儿	有力量；也可以表示有意思。
有空儿	有可以自由安排的时间。
有利于	对某人或某事的发展有好处。
有没有	询问某事物是否存在，或某种情况是否发生。
有一点儿	有少量；也表示程度不高。
有一些	有一部分或有一定数量。
羽绒服	用羽绒填充、用于保暖的衣服。
越来越	表示程度随着时间不断变化。
再次	又一次。
遭到	遇到或受到，多用于不好的事情。
占据	取得并控制某个地方、位置或部分。
找出	经过寻找或思考发现。
这就是说	表示下面的话是对前面内容的解释或推论。
这时	这个时候。
正版	得到合法授权制作和发行的版本。
正如	恰好像，用来引出相似的情况。
之间	两个或多个事物的中间；也指相互关系的范围。
之类	表示与前面列举的事物相似的其他事物。
之内	在某个范围或限度以内。
之下	在某物下面；也表示在某种条件或影响中。
之一	其中的一个。
之中	在某个范围、群体或过程中。
只不过	表示情况仅限于某种程度；也用于补充一个限制。
指着	用手指或某物朝向一个目标。
志愿者	自愿贡献时间和劳动、帮助他人或服务社会的人。
中小学	中学和小学的合称。
中学生	在中学读书的学生。
总量	全部合在一起的数量。
走过	步行经过某处；也可指经历某个时期。
走开	离开原来的位置。
最佳	在所比较的对象中最好。
作出	进行某种行动，或形成决定、回答等结果。
黄	像成熟柠檬或向日葵花瓣那样的颜色。
